{"cameraMode":{"drawMode":0,"name":"Shaded","section":"Shading Mode"},"sceneLighting":true,"audioPlay":false,"sceneViewState":{"showFog":false,"showMaterialUpdate":false,"showSkybox":false,"showFlares":false,"showImageEffects":false,"showParticleSystems":false},"in2DMode":false,"pivot":{"x":16.106863021850587,"y":0.21753835678100587,"z":3.0617032051086427},"rotation":{"x":0.15042652189731599,"y":0.7975444197654724,"z":-0.22201547026634217,"w":0.5403769612312317},"size":22.0,"orthographic":false}