{"cameraMode":{"drawMode":0,"name":"Shaded","section":"Shading Mode"},"sceneLighting":true,"audioPlay":false,"sceneViewState":{"showFog":false,"showMaterialUpdate":false,"showSkybox":false,"showFlares":false,"showImageEffects":false,"showParticleSystems":false},"in2DMode":false,"pivot":{"x":10.21313190460205,"y":19.949350357055665,"z":-6.271342754364014},"rotation":{"x":0.49276161193847659,"y":-0.1582045555114746,"z":0.09171994775533676,"w":0.8507566452026367},"size":0.5326345562934876,"orthographic":false}