{"cameraMode":{"drawMode":0,"name":"Shaded","section":"Shading Mode"},"sceneLighting":true,"audioPlay":false,"sceneViewState":{"showFog":false,"showMaterialUpdate":false,"showSkybox":false,"showFlares":false,"showImageEffects":false,"showParticleSystems":false},"in2DMode":false,"pivot":{"x":4.793758392333984,"y":0.7348036766052246,"z":0.02848649024963379},"rotation":{"x":0.1062982976436615,"y":-0.0029829968698322775,"z":0.0003188959672115743,"w":0.9943296313285828},"size":1.1431536674499512,"orthographic":false}